{"last_download_success": 1651705664.0279696, "unseen_downloads": [], "last_download_failure": 1651726709.7442133}